categoria_produto,localidade_estado,quantidade_vendas
agro_industria_e_comercio,AL,82
agro_industria_e_comercio,AP,73
agro_industria_e_comercio,BA,590
agro_industria_e_comercio,CE,500
agro_industria_e_comercio,ES,673
agro_industria_e_comercio,GO,215
agro_industria_e_comercio,MA,7
agro_industria_e_comercio,MG,6213
agro_industria_e_comercio,MS,427
agro_industria_e_comercio,MT,362
agro_industria_e_comercio,PA,37
agro_industria_e_comercio,PB,104
agro_industria_e_comercio,PE,214
agro_industria_e_comercio,PI,33
agro_industria_e_comercio,PR,1285
agro_industria_e_comercio,RJ,6101
agro_industria_e_comercio,RO,384
agro_industria_e_comercio,RS,1003
agro_industria_e_comercio,SC,669
agro_industria_e_comercio,SP,13694
alimentos,AL,469
alimentos,AM,33
alimentos,BA,1369
alimentos,CE,122
alimentos,DF,521
alimentos,ES,3001
alimentos,GO,417
alimentos,MG,10165
alimentos,MS,446
alimentos,MT,1651
alimentos,PB,114
alimentos,PE,430
alimentos,PI,221
alimentos,PR,3732
alimentos,RJ,9628
alimentos,RN,43
alimentos,RO,192
alimentos,RS,1327
alimentos,SC,2010
alimentos,SE,176
alimentos,SP,35462
alimentos_bebidas,AL,82
alimentos_bebidas,BA,1370
alimentos_bebidas,CE,381
alimentos_bebidas,DF,387
alimentos_bebidas,ES,982
alimentos_bebidas,MA,295
alimentos_bebidas,MG,4956
alimentos_bebidas,MS,48
alimentos_bebidas,PA,133
alimentos_bebidas,PE,331
alimentos_bebidas,PI,34
alimentos_bebidas,PR,1489
alimentos_bebidas,RJ,10957
alimentos_bebidas,RN,183
alimentos_bebidas,RS,1232
alimentos_bebidas,SC,324
alimentos_bebidas,SE,176
alimentos_bebidas,SP,14637
artes,AM,42
artes,AP,116
artes,BA,1319
artes,DF,246
artes,ES,55
artes,GO,163
artes,MG,3345
artes,MS,45
artes,MT,10
artes,PA,100
artes,PB,72
artes,PE,79
artes,PI,74
artes,PR,890
artes,RJ,7025
artes,RN,96
artes,RO,235
artes,RS,1927
artes,SC,1243
artes,SP,16104
artes_e_artesanato,DF,89
artes_e_artesanato,MG,1886
artes_e_artesanato,SC,127
artes_e_artesanato,SP,2321
artigos_de_festas,DF,36
artigos_de_festas,ES,283
artigos_de_festas,GO,102
artigos_de_festas,MG,1272
artigos_de_festas,PI,33
artigos_de_festas,PR,215
artigos_de_festas,RJ,799
artigos_de_festas,RS,897
artigos_de_festas,SC,270
artigos_de_festas,SP,3046
artigos_de_natal,AC,107
artigos_de_natal,BA,1195
artigos_de_natal,CE,53
artigos_de_natal,DF,239
artigos_de_natal,ES,83
artigos_de_natal,GO,79
artigos_de_natal,MA,87
artigos_de_natal,MG,4000
artigos_de_natal,MS,104
artigos_de_natal,MT,106
artigos_de_natal,PA,426
artigos_de_natal,PE,226
artigos_de_natal,PR,460
artigos_de_natal,RJ,3906
artigos_de_natal,RN,1
artigos_de_natal,RO,72
artigos_de_natal,RS,796
artigos_de_natal,SC,1555
artigos_de_natal,SP,5812
audio,AC,2
audio,AL,232
audio,AM,27
audio,BA,1818
audio,CE,337
audio,DF,639
audio,ES,3100
audio,GO,370
audio,MA,63
audio,MG,6316
audio,MS,109
audio,MT,227
audio,PA,11
audio,PB,39
audio,PE,194
audio,PI,116
audio,PR,2458
audio,RJ,12433
audio,RN,48
audio,RS,2133
audio,SC,1599
audio,SP,18571
audio,TO,134
automotivo,AC,421
automotivo,AL,1809
automotivo,AM,324
automotivo,AP,305
automotivo,BA,16307
automotivo,CE,2528
automotivo,DF,4416
automotivo,ES,11700
automotivo,GO,5536
automotivo,MA,2699
automotivo,MG,109342
automotivo,MS,2363
automotivo,MT,7122
automotivo,PA,5239
automotivo,PB,938
automotivo,PE,4862
automotivo,PI,1377
automotivo,PR,24764
automotivo,RJ,92740
automotivo,RN,775
automotivo,RO,759
automotivo,RR,27
automotivo,RS,24203
automotivo,SC,26956
automotivo,SE,1713
automotivo,SP,227542
automotivo,TO,1018
bebes,AC,131
bebes,AL,202
bebes,AM,153
bebes,BA,12960
bebes,CE,1647
bebes,DF,3085
bebes,ES,8285
bebes,GO,3474
bebes,MA,1860
bebes,MG,101144
bebes,MS,2794
bebes,MT,4615
bebes,PA,3443
bebes,PB,610
bebes,PE,2647
bebes,PI,854
bebes,PR,18530
bebes,RJ,93788
bebes,RN,654
bebes,RO,1185
bebes,RR,114
bebes,RS,31002
bebes,SC,13630
bebes,SE,412
bebes,SP,170505
bebes,TO,652
bebidas,AL,26
bebidas,AM,52
bebidas,BA,1095
bebidas,CE,111
bebidas,DF,213
bebidas,ES,739
bebidas,GO,363
bebidas,MG,8160
bebidas,MS,237
bebidas,MT,91
bebidas,PA,21
bebidas,PI,121
bebidas,PR,1868
bebidas,RJ,16604
bebidas,RS,2100
bebidas,SC,2348
bebidas,SP,28202
beleza_saude,AC,632
beleza_saude,AL,3508
beleza_saude,AM,650
beleza_saude,AP,742
beleza_saude,BA,38885
beleza_saude,CE,7595
beleza_saude,DF,10969
beleza_saude,ES,24559
beleza_saude,GO,14616
beleza_saude,MA,5167
beleza_saude,MG,276409
beleza_saude,MS,4893
beleza_saude,MT,12247
beleza_saude,PA,8222
beleza_saude,PB,3450
beleza_saude,PE,15922
beleza_saude,PI,2637
beleza_saude,PR,55487
beleza_saude,RJ,245576
beleza_saude,RN,2430
beleza_saude,RO,1861
beleza_saude,RR,376
beleza_saude,RS,63360
beleza_saude,SC,43897
beleza_saude,SE,2787
beleza_saude,SP,551155
beleza_saude,TO,2173
brinquedos,AC,493
brinquedos,AL,835
brinquedos,AM,170
brinquedos,AP,152
brinquedos,BA,13382
brinquedos,CE,3095
brinquedos,DF,4425
brinquedos,ES,15697
brinquedos,GO,5589
brinquedos,MA,2122
brinquedos,MG,123792
brinquedos,MS,2897
brinquedos,MT,6351
brinquedos,PA,1981
brinquedos,PB,944
brinquedos,PE,4010
brinquedos,PI,2122
brinquedos,PR,27046
brinquedos,RJ,147892
brinquedos,RN,1246
brinquedos,RO,1402
brinquedos,RS,28899
brinquedos,SC,16700
brinquedos,SE,693
brinquedos,SP,235138
brinquedos,TO,755
cama_mesa_banho,AC,90
cama_mesa_banho,AL,2132
cama_mesa_banho,AM,308
cama_mesa_banho,AP,270
cama_mesa_banho,BA,34301
cama_mesa_banho,CE,4323
cama_mesa_banho,DF,9949
cama_mesa_banho,ES,35885
cama_mesa_banho,GO,17654
cama_mesa_banho,MA,2564
cama_mesa_banho,MG,325051
cama_mesa_banho,MS,6053
cama_mesa_banho,MT,7725
cama_mesa_banho,PA,2786
cama_mesa_banho,PB,1374
cama_mesa_banho,PE,6157
cama_mesa_banho,PI,2245
cama_mesa_banho,PR,57257
cama_mesa_banho,RJ,376588
cama_mesa_banho,RN,1322
cama_mesa_banho,RO,873
cama_mesa_banho,RR,136
cama_mesa_banho,RS,93162
cama_mesa_banho,SC,50791
cama_mesa_banho,SE,1088
cama_mesa_banho,SP,712217
cama_mesa_banho,TO,433
casa_conforto,AC,1
casa_conforto,AL,9
casa_conforto,BA,1072
casa_conforto,CE,74
casa_conforto,DF,557
casa_conforto,ES,1374
casa_conforto,GO,557
casa_conforto,MA,44
casa_conforto,MG,15689
casa_conforto,MS,274
casa_conforto,MT,542
casa_conforto,PB,68
casa_conforto,PE,248
casa_conforto,PI,87
casa_conforto,PR,1374
casa_conforto,RJ,13477
casa_conforto,RN,87
casa_conforto,RO,117
casa_conforto,RS,2464
casa_conforto,SC,1205
casa_conforto,SE,158
casa_conforto,SP,27466
casa_conforto,TO,59
casa_conforto_2,BA,45
casa_conforto_2,ES,56
casa_conforto_2,GO,462
casa_conforto_2,MG,667
casa_conforto_2,PR,36
casa_conforto_2,RJ,722
casa_conforto_2,RS,341
casa_conforto_2,SP,2268
casa_construcao,AL,167
casa_construcao,AM,211
casa_construcao,BA,2674
casa_construcao,CE,584
casa_construcao,DF,207
casa_construcao,ES,1339
casa_construcao,GO,792
casa_construcao,MA,268
casa_construcao,MG,18761
casa_construcao,MS,808
casa_construcao,MT,1334
casa_construcao,PA,62
casa_construcao,PB,490
casa_construcao,PE,317
casa_construcao,PI,153
casa_construcao,PR,3151
casa_construcao,RJ,21207
casa_construcao,RN,19
casa_construcao,RS,7154
casa_construcao,SC,3722
casa_construcao,SE,267
casa_construcao,SP,39272
casa_construcao,TO,42
cds_dvds_musicais,MA,82
cds_dvds_musicais,RJ,364
cds_dvds_musicais,RS,538
cds_dvds_musicais,SP,429
cine_foto,BA,119
cine_foto,DF,24
cine_foto,ES,119
cine_foto,GO,40
cine_foto,MA,249
cine_foto,MG,1993
cine_foto,MT,75
cine_foto,PA,128
cine_foto,PE,107
cine_foto,PR,307
cine_foto,RJ,1823
cine_foto,RS,3224
cine_foto,SC,186
cine_foto,SP,3179
climatizacao,AL,52
climatizacao,AM,37
climatizacao,BA,964
climatizacao,CE,61
climatizacao,DF,180
climatizacao,ES,1054
climatizacao,GO,265
climatizacao,MA,82
climatizacao,MG,6091
climatizacao,MT,420
climatizacao,PB,36
climatizacao,PE,112
climatizacao,PI,311
climatizacao,PR,932
climatizacao,RJ,16336
climatizacao,RS,2267
climatizacao,SC,1244
climatizacao,SP,19450
consoles_games,AC,164
consoles_games,AL,333
consoles_games,AM,86
consoles_games,AP,6
consoles_games,BA,3888
consoles_games,CE,715
consoles_games,DF,878
consoles_games,ES,3226
consoles_games,GO,1334
consoles_games,MA,581
consoles_games,MG,34868
consoles_games,MS,327
consoles_games,MT,1357
consoles_games,PA,796
consoles_games,PB,227
consoles_games,PE,1382
consoles_games,PI,612
consoles_games,PR,6256
consoles_games,RJ,32808
consoles_games,RN,359
consoles_games,RO,141
consoles_games,RS,10253
consoles_games,SC,3264
consoles_games,SE,352
consoles_games,SP,66115
consoles_games,TO,187
construcao_ferramentas_construcao,AL,104
construcao_ferramentas_construcao,BA,3790
construcao_ferramentas_construcao,CE,711
construcao_ferramentas_construcao,DF,207
construcao_ferramentas_construcao,ES,2303
construcao_ferramentas_construcao,GO,1087
construcao_ferramentas_construcao,MA,249
construcao_ferramentas_construcao,MG,25420
construcao_ferramentas_construcao,MS,1013
construcao_ferramentas_construcao,MT,868
construcao_ferramentas_construcao,PA,274
construcao_ferramentas_construcao,PB,35
construcao_ferramentas_construcao,PE,1711
construcao_ferramentas_construcao,PI,32
construcao_ferramentas_construcao,PR,5695
construcao_ferramentas_construcao,RJ,23107
construcao_ferramentas_construcao,RN,493
construcao_ferramentas_construcao,RO,558
construcao_ferramentas_construcao,RS,7287
construcao_ferramentas_construcao,SC,4459
construcao_ferramentas_construcao,SE,61
construcao_ferramentas_construcao,SP,56911
construcao_ferramentas_ferramentas,BA,666
construcao_ferramentas_ferramentas,CE,24
construcao_ferramentas_ferramentas,ES,345
construcao_ferramentas_ferramentas,GO,151
construcao_ferramentas_ferramentas,MG,3477
construcao_ferramentas_ferramentas,MS,135
construcao_ferramentas_ferramentas,MT,190
construcao_ferramentas_ferramentas,PA,95
construcao_ferramentas_ferramentas,PB,46
construcao_ferramentas_ferramentas,PE,124
construcao_ferramentas_ferramentas,PR,1012
construcao_ferramentas_ferramentas,RJ,1445
construcao_ferramentas_ferramentas,RS,1174
construcao_ferramentas_ferramentas,SC,530
construcao_ferramentas_ferramentas,SP,4468
construcao_ferramentas_iluminacao,BA,416
construcao_ferramentas_iluminacao,CE,89
construcao_ferramentas_iluminacao,DF,175
construcao_ferramentas_iluminacao,ES,2967
construcao_ferramentas_iluminacao,GO,265
construcao_ferramentas_iluminacao,MA,62
construcao_ferramentas_iluminacao,MG,10362
construcao_ferramentas_iluminacao,MS,781
construcao_ferramentas_iluminacao,MT,376
construcao_ferramentas_iluminacao,PA,49
construcao_ferramentas_iluminacao,PE,308
construcao_ferramentas_iluminacao,PI,45
construcao_ferramentas_iluminacao,PR,1548
construcao_ferramentas_iluminacao,RJ,4902
construcao_ferramentas_iluminacao,RS,4031
construcao_ferramentas_iluminacao,SC,2552
construcao_ferramentas_iluminacao,SE,77
construcao_ferramentas_iluminacao,SP,21647
construcao_ferramentas_iluminacao,TO,102
construcao_ferramentas_jardim,AM,86
construcao_ferramentas_jardim,BA,1047
construcao_ferramentas_jardim,CE,644
construcao_ferramentas_jardim,DF,197
construcao_ferramentas_jardim,ES,640
construcao_ferramentas_jardim,GO,165
construcao_ferramentas_jardim,MG,6490
construcao_ferramentas_jardim,MS,132
construcao_ferramentas_jardim,PA,43
construcao_ferramentas_jardim,PB,46
construcao_ferramentas_jardim,PE,497
construcao_ferramentas_jardim,PI,308
construcao_ferramentas_jardim,PR,765
construcao_ferramentas_jardim,RJ,12411
construcao_ferramentas_jardim,RN,210
construcao_ferramentas_jardim,RO,210
construcao_ferramentas_jardim,RS,1062
construcao_ferramentas_jardim,SC,389
construcao_ferramentas_jardim,SP,12305
construcao_ferramentas_seguranca,BA,452
construcao_ferramentas_seguranca,CE,243
construcao_ferramentas_seguranca,DF,97
construcao_ferramentas_seguranca,GO,314
construcao_ferramentas_seguranca,MG,7260
construcao_ferramentas_seguranca,MS,86
construcao_ferramentas_seguranca,MT,521
construcao_ferramentas_seguranca,PB,303
construcao_ferramentas_seguranca,PE,101
construcao_ferramentas_seguranca,PR,946
construcao_ferramentas_seguranca,RJ,5004
construcao_ferramentas_seguranca,RN,13
construcao_ferramentas_seguranca,RO,14
construcao_ferramentas_seguranca,RS,1207
construcao_ferramentas_seguranca,SC,1750
construcao_ferramentas_seguranca,SE,11
construcao_ferramentas_seguranca,SP,8231
cool_stuff,AC,165
cool_stuff,AL,1124
cool_stuff,AM,130
cool_stuff,AP,47
cool_stuff,BA,16323
cool_stuff,CE,2300
cool_stuff,DF,3205
cool_stuff,ES,10343
cool_stuff,GO,6605
cool_stuff,MA,2339
cool_stuff,MG,110729
cool_stuff,MS,2509
cool_stuff,MT,6629
cool_stuff,PA,3926
cool_stuff,PB,1085
cool_stuff,PE,4953
cool_stuff,PI,854
cool_stuff,PR,27834
cool_stuff,RJ,104826
cool_stuff,RN,669
cool_stuff,RO,1056
cool_stuff,RR,78
cool_stuff,RS,35681
cool_stuff,SC,24556
cool_stuff,SE,966
cool_stuff,SP,182934
cool_stuff,TO,975
dvds_blu_ray,AL,110
dvds_blu_ray,DF,148
dvds_blu_ray,GO,34
dvds_blu_ray,MG,842
dvds_blu_ray,MS,567
dvds_blu_ray,PE,179
dvds_blu_ray,PI,76
dvds_blu_ray,PR,44
dvds_blu_ray,RJ,3622
dvds_blu_ray,RN,26
dvds_blu_ray,RO,124
dvds_blu_ray,RS,470
dvds_blu_ray,SC,292
dvds_blu_ray,SP,3304
eletrodomesticos,AL,218
eletrodomesticos,AM,55
eletrodomesticos,BA,3650
eletrodomesticos,CE,213
eletrodomesticos,DF,528
eletrodomesticos,ES,2514
eletrodomesticos,GO,607
eletrodomesticos,MA,71
eletrodomesticos,MG,21061
eletrodomesticos,MS,516
eletrodomesticos,MT,1558
eletrodomesticos,PA,860
eletrodomesticos,PB,110
eletrodomesticos,PE,204
eletrodomesticos,PI,147
eletrodomesticos,PR,4687
eletrodomesticos,RJ,18990
eletrodomesticos,RN,45
eletrodomesticos,RO,255
eletrodomesticos,RR,144
eletrodomesticos,RS,6703
eletrodomesticos,SC,2760
eletrodomesticos,SE,12
eletrodomesticos,SP,44975
eletrodomesticos,TO,89
eletrodomesticos_2,AL,557
eletrodomesticos_2,AM,21
eletrodomesticos_2,BA,473
eletrodomesticos_2,CE,159
eletrodomesticos_2,DF,320
eletrodomesticos_2,ES,231
eletrodomesticos_2,GO,247
eletrodomesticos_2,MG,3831
eletrodomesticos_2,MS,323
eletrodomesticos_2,MT,219
eletrodomesticos_2,PE,459
eletrodomesticos_2,PI,39
eletrodomesticos_2,PR,1288
eletrodomesticos_2,RJ,10356
eletrodomesticos_2,RN,54
eletrodomesticos_2,RS,1077
eletrodomesticos_2,SC,3618
eletrodomesticos_2,SE,47
eletrodomesticos_2,SP,11568
eletrodomesticos_2,TO,171
eletronicos,AC,411
eletronicos,AL,2319
eletronicos,AM,223
eletronicos,AP,210
eletronicos,BA,10999
eletronicos,CE,2813
eletronicos,DF,2709
eletronicos,ES,13185
eletronicos,GO,2501
eletronicos,MA,826
eletronicos,MG,77029
eletronicos,MS,1614
eletronicos,MT,3170
eletronicos,PA,2016
eletronicos,PB,734
eletronicos,PE,2995
eletronicos,PI,678
eletronicos,PR,21516
eletronicos,RJ,101078
eletronicos,RN,859
eletronicos,RO,389
eletronicos,RR,98
eletronicos,RS,24459
eletronicos,SC,15811
eletronicos,SE,1880
eletronicos,SP,140835
eletronicos,TO,474
eletroportateis,AC,15
eletroportateis,BA,2728
eletroportateis,CE,355
eletroportateis,DF,641
eletroportateis,ES,1050
eletroportateis,GO,894
eletroportateis,MA,86
eletroportateis,MG,18015
eletroportateis,MS,696
eletroportateis,MT,1397
eletroportateis,PA,624
eletroportateis,PB,97
eletroportateis,PE,101
eletroportateis,PR,6196
eletroportateis,RJ,24781
eletroportateis,RN,148
eletroportateis,RO,192
eletroportateis,RS,6480
eletroportateis,SC,5189
eletroportateis,SE,148
eletroportateis,SP,45127
esporte_lazer,AC,475
esporte_lazer,AL,4406
esporte_lazer,AM,590
esporte_lazer,AP,530
esporte_lazer,BA,32412
esporte_lazer,CE,4610
esporte_lazer,DF,9137
esporte_lazer,ES,29285
esporte_lazer,GO,11704
esporte_lazer,MA,5622
esporte_lazer,MG,246929
esporte_lazer,MS,6791
esporte_lazer,MT,10387
esporte_lazer,PA,6614
esporte_lazer,PB,1716
esporte_lazer,PE,11354
esporte_lazer,PI,1886
esporte_lazer,PR,62178
esporte_lazer,RJ,254583
esporte_lazer,RN,1310
esporte_lazer,RO,2282
esporte_lazer,RR,231
esporte_lazer,RS,70127
esporte_lazer,SC,58030
esporte_lazer,SE,1725
esporte_lazer,SP,503861
esporte_lazer,TO,1610
fashion_bolsas_e_acessorios,AC,72
fashion_bolsas_e_acessorios,AL,162
fashion_bolsas_e_acessorios,AM,16
fashion_bolsas_e_acessorios,BA,7687
fashion_bolsas_e_acessorios,CE,1330
fashion_bolsas_e_acessorios,DF,1972
fashion_bolsas_e_acessorios,ES,6390
fashion_bolsas_e_acessorios,GO,3459
fashion_bolsas_e_acessorios,MA,2055
fashion_bolsas_e_acessorios,MG,60305
fashion_bolsas_e_acessorios,MS,1128
fashion_bolsas_e_acessorios,MT,2444
fashion_bolsas_e_acessorios,PA,1767
fashion_bolsas_e_acessorios,PB,771
fashion_bolsas_e_acessorios,PE,2256
fashion_bolsas_e_acessorios,PI,123
fashion_bolsas_e_acessorios,PR,16424
fashion_bolsas_e_acessorios,RJ,49765
fashion_bolsas_e_acessorios,RN,190
fashion_bolsas_e_acessorios,RO,689
fashion_bolsas_e_acessorios,RS,12729
fashion_bolsas_e_acessorios,SC,12093
fashion_bolsas_e_acessorios,SE,667
fashion_bolsas_e_acessorios,SP,111490
fashion_bolsas_e_acessorios,TO,499
fashion_calcados,AC,167
fashion_calcados,AL,56
fashion_calcados,BA,278
fashion_calcados,CE,149
fashion_calcados,DF,386
fashion_calcados,ES,1397
fashion_calcados,GO,624
fashion_calcados,MA,50
fashion_calcados,MG,11397
fashion_calcados,MS,383
fashion_calcados,MT,409
fashion_calcados,PA,218
fashion_calcados,PB,28
fashion_calcados,PE,791
fashion_calcados,PI,9
fashion_calcados,PR,1678
fashion_calcados,RJ,6328
fashion_calcados,RN,43
fashion_calcados,RO,21
fashion_calcados,RS,1778
fashion_calcados,SC,1722
fashion_calcados,SP,13167
fashion_calcados,TO,24
fashion_esporte,BA,106
fashion_esporte,MA,12
fashion_esporte,MG,1159
fashion_esporte,PA,1440
fashion_esporte,PR,129
fashion_esporte,RJ,329
fashion_esporte,RS,210
fashion_esporte,SC,291
fashion_esporte,SP,2637
fashion_roupa_feminina,BA,94
fashion_roupa_feminina,DF,27
fashion_roupa_feminina,ES,150
fashion_roupa_feminina,GO,216
fashion_roupa_feminina,MG,1828
fashion_roupa_feminina,MT,31
fashion_roupa_feminina,PB,60
fashion_roupa_feminina,PR,281
fashion_roupa_feminina,RJ,107
fashion_roupa_feminina,SC,76
fashion_roupa_feminina,SP,3475
fashion_roupa_infanto_juvenil,BA,75
fashion_roupa_infanto_juvenil,RJ,349
fashion_roupa_infanto_juvenil,SC,298
fashion_roupa_infanto_juvenil,SP,373
fashion_roupa_masculina,BA,948
fashion_roupa_masculina,CE,41
fashion_roupa_masculina,ES,593
fashion_roupa_masculina,GO,129
fashion_roupa_masculina,MA,76
fashion_roupa_masculina,MG,5220
fashion_roupa_masculina,MT,72
fashion_roupa_masculina,PA,78
fashion_roupa_masculina,PR,1251
fashion_roupa_masculina,RJ,2896
fashion_roupa_masculina,RS,1858
fashion_roupa_masculina,SC,366
fashion_roupa_masculina,SP,6313
fashion_underwear_e_moda_praia,BA,510
fashion_underwear_e_moda_praia,DF,128
fashion_underwear_e_moda_praia,ES,71
fashion_underwear_e_moda_praia,GO,378
fashion_underwear_e_moda_praia,MG,2952
fashion_underwear_e_moda_praia,MS,272
fashion_underwear_e_moda_praia,MT,10
fashion_underwear_e_moda_praia,PA,141
fashion_underwear_e_moda_praia,PE,36
fashion_underwear_e_moda_praia,PI,81
fashion_underwear_e_moda_praia,PR,638
fashion_underwear_e_moda_praia,RJ,4254
fashion_underwear_e_moda_praia,RS,354
fashion_underwear_e_moda_praia,SC,1417
fashion_underwear_e_moda_praia,SP,7084
ferramentas_jardim,AC,180
ferramentas_jardim,AL,803
ferramentas_jardim,AM,160
ferramentas_jardim,AP,103
ferramentas_jardim,BA,15722
ferramentas_jardim,CE,2562
ferramentas_jardim,DF,2682
ferramentas_jardim,ES,19259
ferramentas_jardim,GO,8527
ferramentas_jardim,MA,1256
ferramentas_jardim,MG,153934
ferramentas_jardim,MS,1806
ferramentas_jardim,MT,6732
ferramentas_jardim,PA,4171
ferramentas_jardim,PB,902
ferramentas_jardim,PE,4696
ferramentas_jardim,PI,1025
ferramentas_jardim,PR,21548
ferramentas_jardim,RJ,135713
ferramentas_jardim,RN,878
ferramentas_jardim,RO,331
ferramentas_jardim,RR,82
ferramentas_jardim,RS,41322
ferramentas_jardim,SC,24252
ferramentas_jardim,SE,1541
ferramentas_jardim,SP,217146
ferramentas_jardim,TO,700
flores,ES,737
flores,GO,86
flores,MG,1441
flores,MS,1
flores,PE,288
flores,RJ,1544
flores,RS,391
flores,SP,1759
fraldas_higiene,BA,96
fraldas_higiene,CE,64
fraldas_higiene,MG,367
fraldas_higiene,PB,111
fraldas_higiene,PR,412
fraldas_higiene,RJ,406
fraldas_higiene,SP,4153
industria_comercio_e_negocios,AL,15
industria_comercio_e_negocios,BA,369
industria_comercio_e_negocios,CE,49
industria_comercio_e_negocios,DF,212
industria_comercio_e_negocios,ES,130
industria_comercio_e_negocios,GO,299
industria_comercio_e_negocios,MA,249
industria_comercio_e_negocios,MG,2760
industria_comercio_e_negocios,MS,50
industria_comercio_e_negocios,MT,156
industria_comercio_e_negocios,PB,293
industria_comercio_e_negocios,PE,158
industria_comercio_e_negocios,PI,80
industria_comercio_e_negocios,PR,1070
industria_comercio_e_negocios,RJ,5163
industria_comercio_e_negocios,RN,36
industria_comercio_e_negocios,RO,117
industria_comercio_e_negocios,RS,2565
industria_comercio_e_negocios,SC,3478
industria_comercio_e_negocios,SE,300
industria_comercio_e_negocios,SP,19467
industria_comercio_e_negocios,TO,176
informatica_acessorios,AC,674
informatica_acessorios,AL,2844
informatica_acessorios,AM,677
informatica_acessorios,AP,860
informatica_acessorios,BA,31366
informatica_acessorios,CE,4647
informatica_acessorios,DF,6525
informatica_acessorios,ES,24409
informatica_acessorios,GO,8293
informatica_acessorios,MA,5948
informatica_acessorios,MG,245093
informatica_acessorios,MS,6297
informatica_acessorios,MT,9078
informatica_acessorios,PA,8407
informatica_acessorios,PB,2504
informatica_acessorios,PE,7943
informatica_acessorios,PI,1548
informatica_acessorios,PR,50500
informatica_acessorios,RJ,243937
informatica_acessorios,RN,1434
informatica_acessorios,RO,1936
informatica_acessorios,RR,200
informatica_acessorios,RS,76065
informatica_acessorios,SC,50141
informatica_acessorios,SE,2707
informatica_acessorios,SP,418297
informatica_acessorios,TO,1085
instrumentos_musicais,AC,165
instrumentos_musicais,AL,4
instrumentos_musicais,AM,54
instrumentos_musicais,AP,141
instrumentos_musicais,BA,4019
instrumentos_musicais,CE,242
instrumentos_musicais,DF,299
instrumentos_musicais,ES,3206
instrumentos_musicais,GO,427
instrumentos_musicais,MA,406
instrumentos_musicais,MG,16816
instrumentos_musicais,MS,341
instrumentos_musicais,MT,1005
instrumentos_musicais,PA,1461
instrumentos_musicais,PB,599
instrumentos_musicais,PE,1011
instrumentos_musicais,PI,264
instrumentos_musicais,PR,4598
instrumentos_musicais,RJ,19536
instrumentos_musicais,RN,40
instrumentos_musicais,RO,5
instrumentos_musicais,RS,5523
instrumentos_musicais,SC,4301
instrumentos_musicais,SE,152
instrumentos_musicais,SP,36219
instrumentos_musicais,TO,34
la_cuisine,GO,136
la_cuisine,MG,690
la_cuisine,RS,248
la_cuisine,SC,140
la_cuisine,SP,1342
livros_importados,BA,71
livros_importados,MA,150
livros_importados,MG,1203
livros_importados,PA,324
livros_importados,PR,223
livros_importados,RJ,1433
livros_importados,RS,423
livros_importados,SC,426
livros_importados,SE,75
livros_importados,SP,4705
livros_interesse_geral,AC,237
livros_interesse_geral,AL,220
livros_interesse_geral,AM,18
livros_interesse_geral,BA,1707
livros_interesse_geral,CE,396
livros_interesse_geral,DF,854
livros_interesse_geral,ES,2042
livros_interesse_geral,GO,1086
livros_interesse_geral,MA,255
livros_interesse_geral,MG,16672
livros_interesse_geral,MS,224
livros_interesse_geral,MT,290
livros_interesse_geral,PA,320
livros_interesse_geral,PB,305
livros_interesse_geral,PE,568
livros_interesse_geral,PI,45
livros_interesse_geral,PR,4151
livros_interesse_geral,RJ,12520
livros_interesse_geral,RN,1458
livros_interesse_geral,RO,19
livros_interesse_geral,RS,5085
livros_interesse_geral,SC,2253
livros_interesse_geral,SE,95
livros_interesse_geral,SP,32491
livros_interesse_geral,TO,135
livros_tecnicos,BA,643
livros_tecnicos,CE,173
livros_tecnicos,DF,256
livros_tecnicos,ES,3405
livros_tecnicos,GO,488
livros_tecnicos,MA,243
livros_tecnicos,MG,7699
livros_tecnicos,MS,356
livros_tecnicos,MT,1243
livros_tecnicos,PA,201
livros_tecnicos,PE,213
livros_tecnicos,PI,18
livros_tecnicos,PR,1965
livros_tecnicos,RJ,6888
livros_tecnicos,RN,90
livros_tecnicos,RS,2037
livros_tecnicos,SC,1014
livros_tecnicos,SP,15557
livros_tecnicos,TO,74
malas_acessorios,AC,246
malas_acessorios,AL,206
malas_acessorios,AM,264
malas_acessorios,BA,2490
malas_acessorios,CE,1369
malas_acessorios,DF,733
malas_acessorios,ES,1315
malas_acessorios,GO,574
malas_acessorios,MA,902
malas_acessorios,MG,53767
malas_acessorios,MS,726
malas_acessorios,MT,740
malas_acessorios,PA,677
malas_acessorios,PB,201
malas_acessorios,PE,1133
malas_acessorios,PI,178
malas_acessorios,PR,6314
malas_acessorios,RJ,28103
malas_acessorios,RN,8
malas_acessorios,RO,444
malas_acessorios,RS,7517
malas_acessorios,SC,5236
malas_acessorios,SE,403
malas_acessorios,SP,61061
malas_acessorios,TO,162
market_place,AC,164
market_place,AL,978
market_place,AM,18
market_place,BA,511
market_place,CE,167
market_place,DF,249
market_place,ES,1681
market_place,GO,1137
market_place,MA,762
market_place,MG,7410
market_place,MS,143
market_place,MT,643
market_place,PA,451
market_place,PB,344
market_place,PE,812
market_place,PI,102
market_place,PR,1602
market_place,RJ,9649
market_place,RN,85
market_place,RO,11
market_place,RS,2426
market_place,SC,2201
market_place,SE,244
market_place,SP,13984
market_place,TO,99
moveis_colchao_e_estofado,DF,2
moveis_colchao_e_estofado,GO,51
moveis_colchao_e_estofado,MG,596
moveis_colchao_e_estofado,RJ,1592
moveis_colchao_e_estofado,RN,9
moveis_colchao_e_estofado,SC,300
moveis_colchao_e_estofado,SP,2868
moveis_cozinha_area_de_servico_jantar_e_jardim,AL,176
moveis_cozinha_area_de_servico_jantar_e_jardim,BA,183
moveis_cozinha_area_de_servico_jantar_e_jardim,CE,100
moveis_cozinha_area_de_servico_jantar_e_jardim,DF,102
moveis_cozinha_area_de_servico_jantar_e_jardim,ES,113
moveis_cozinha_area_de_servico_jantar_e_jardim,GO,750
moveis_cozinha_area_de_servico_jantar_e_jardim,MG,6248
moveis_cozinha_area_de_servico_jantar_e_jardim,MT,451
moveis_cozinha_area_de_servico_jantar_e_jardim,PA,128
moveis_cozinha_area_de_servico_jantar_e_jardim,PB,111
moveis_cozinha_area_de_servico_jantar_e_jardim,PE,245
moveis_cozinha_area_de_servico_jantar_e_jardim,PR,1754
moveis_cozinha_area_de_servico_jantar_e_jardim,RJ,12276
moveis_cozinha_area_de_servico_jantar_e_jardim,RN,30
moveis_cozinha_area_de_servico_jantar_e_jardim,RS,1438
moveis_cozinha_area_de_servico_jantar_e_jardim,SC,1346
moveis_cozinha_area_de_servico_jantar_e_jardim,SP,22920
moveis_cozinha_area_de_servico_jantar_e_jardim,TO,34
moveis_decoracao,AC,1174
moveis_decoracao,AL,2603
moveis_decoracao,AM,60
moveis_decoracao,AP,311
moveis_decoracao,BA,27878
moveis_decoracao,CE,4758
moveis_decoracao,DF,7961
moveis_decoracao,ES,23817
moveis_decoracao,GO,8123
moveis_decoracao,MA,3560
moveis_decoracao,MG,242919
moveis_decoracao,MS,6615
moveis_decoracao,MT,9791
moveis_decoracao,PA,7444
moveis_decoracao,PB,3252
moveis_decoracao,PE,8684
moveis_decoracao,PI,906
moveis_decoracao,PR,69639
moveis_decoracao,RJ,272113
moveis_decoracao,RN,1182
moveis_decoracao,RO,1084
moveis_decoracao,RR,348
moveis_decoracao,RS,82209
moveis_decoracao,SC,52576
moveis_decoracao,SE,2180
moveis_decoracao,SP,503847
moveis_decoracao,TO,1111
moveis_escritorio,AC,11
moveis_escritorio,AL,311
moveis_escritorio,AM,22
moveis_escritorio,BA,8220
moveis_escritorio,CE,1415
moveis_escritorio,DF,760
moveis_escritorio,ES,3057
moveis_escritorio,GO,1870
moveis_escritorio,MA,1927
moveis_escritorio,MG,36787
moveis_escritorio,MS,325
moveis_escritorio,MT,3020
moveis_escritorio,PA,2239
moveis_escritorio,PB,355
moveis_escritorio,PE,1609
moveis_escritorio,PI,260
moveis_escritorio,PR,10553
moveis_escritorio,RJ,84983
moveis_escritorio,RN,309
moveis_escritorio,RO,341
moveis_escritorio,RR,55
moveis_escritorio,RS,10507
moveis_escritorio,SC,7741
moveis_escritorio,SE,277
moveis_escritorio,SP,89155
moveis_escritorio,TO,605
moveis_quarto,BA,576
moveis_quarto,DF,69
moveis_quarto,ES,90
moveis_quarto,GO,13
moveis_quarto,MG,973
moveis_quarto,MS,52
moveis_quarto,MT,950
moveis_quarto,PE,37
moveis_quarto,PR,1635
moveis_quarto,RJ,4990
moveis_quarto,RN,212
moveis_quarto,RS,318
moveis_quarto,SC,700
moveis_quarto,SE,300
moveis_quarto,SP,6985
moveis_sala,AC,22
moveis_sala,AL,126
moveis_sala,BA,2237
moveis_sala,CE,38
moveis_sala,DF,240
moveis_sala,ES,1600
moveis_sala,GO,965
moveis_sala,MA,599
moveis_sala,MG,10741
moveis_sala,MS,303
moveis_sala,MT,432
moveis_sala,PA,17
moveis_sala,PB,97
moveis_sala,PE,288
moveis_sala,PI,80
moveis_sala,PR,2470
moveis_sala,RJ,25262
moveis_sala,RO,90
moveis_sala,RS,3608
moveis_sala,SC,2077
moveis_sala,SE,113
moveis_sala,SP,33236
moveis_sala,TO,152
musica,AM,79
musica,CE,68
musica,DF,37
musica,GO,142
musica,MG,1449
musica,PR,987
musica,RJ,1670
musica,RS,3
musica,SP,1189
papelaria,AC,195
papelaria,AL,363
papelaria,AM,175
papelaria,AP,140
papelaria,BA,8648
papelaria,CE,1964
papelaria,DF,2529
papelaria,ES,6207
papelaria,GO,2925
papelaria,MA,1377
papelaria,MG,66885
papelaria,MS,1247
papelaria,MT,5014
papelaria,PA,2006
papelaria,PB,1286
papelaria,PE,4275
papelaria,PI,453
papelaria,PR,15693
papelaria,RJ,76994
papelaria,RN,872
papelaria,RO,381
papelaria,RR,115
papelaria,RS,22822
papelaria,SC,15173
papelaria,SE,191
papelaria,SP,146454
papelaria,TO,105
pc_gamer,MG,288
pc_gamer,PE,28
pc_gamer,RJ,199
pc_gamer,RS,46
pc_gamer,SP,1100
pcs,AC,29
pcs,AL,938
pcs,AM,25
pcs,AP,73
pcs,BA,2576
pcs,CE,244
pcs,DF,271
pcs,ES,506
pcs,GO,307
pcs,MA,418
pcs,MG,4794
pcs,MS,29
pcs,MT,192
pcs,PA,181
pcs,PB,312
pcs,PE,622
pcs,PI,252
pcs,PR,529
pcs,RJ,5907
pcs,RO,205
pcs,RS,905
pcs,SC,715
pcs,SE,72
pcs,SP,9331
pcs,TO,99
perfumaria,AC,340
perfumaria,AL,715
perfumaria,AM,101
perfumaria,BA,7081
perfumaria,CE,2732
perfumaria,DF,3803
perfumaria,ES,9429
perfumaria,GO,6137
perfumaria,MA,2613
perfumaria,MG,99906
perfumaria,MS,2934
perfumaria,MT,3556
perfumaria,PA,3900
perfumaria,PB,931
perfumaria,PE,3358
perfumaria,PI,471
perfumaria,PR,21128
perfumaria,RJ,112252
perfumaria,RN,663
perfumaria,RO,427
perfumaria,RR,55
perfumaria,RS,21961
perfumaria,SC,17207
perfumaria,SE,585
perfumaria,SP,191054
perfumaria,TO,991
pet_shop,AL,71
pet_shop,AM,132
pet_shop,AP,190
pet_shop,BA,7270
pet_shop,CE,608
pet_shop,DF,2162
pet_shop,ES,4085
pet_shop,GO,2311
pet_shop,MA,502
pet_shop,MG,68809
pet_shop,MS,2102
pet_shop,MT,1921
pet_shop,PA,1248
pet_shop,PB,472
pet_shop,PE,1914
pet_shop,PI,437
pet_shop,PR,12937
pet_shop,RJ,50966
pet_shop,RN,820
pet_shop,RO,982
pet_shop,RS,15831
pet_shop,SC,14975
pet_shop,SE,324
pet_shop,SP,133484
pet_shop,TO,329
portateis_casa_forno_e_cafe,BA,461
portateis_casa_forno_e_cafe,DF,94
portateis_casa_forno_e_cafe,MG,3940
portateis_casa_forno_e_cafe,MS,127
portateis_casa_forno_e_cafe,MT,20
portateis_casa_forno_e_cafe,PE,63
portateis_casa_forno_e_cafe,PR,949
portateis_casa_forno_e_cafe,RJ,2557
portateis_casa_forno_e_cafe,RO,5
portateis_casa_forno_e_cafe,RS,810
portateis_casa_forno_e_cafe,SC,485
portateis_casa_forno_e_cafe,SP,4596
portateis_casa_forno_e_cafe,TO,43
portateis_cozinha_e_preparadores_de_alimentos,BA,8
portateis_cozinha_e_preparadores_de_alimentos,GO,23
portateis_cozinha_e_preparadores_de_alimentos,MG,450
portateis_cozinha_e_preparadores_de_alimentos,PA,6
portateis_cozinha_e_preparadores_de_alimentos,RJ,199
portateis_cozinha_e_preparadores_de_alimentos,RS,126
portateis_cozinha_e_preparadores_de_alimentos,SP,962
relogios_presentes,AC,499
relogios_presentes,AL,2974
relogios_presentes,AM,401
relogios_presentes,AP,507
relogios_presentes,BA,23518
relogios_presentes,CE,5691
relogios_presentes,DF,6433
relogios_presentes,ES,24100
relogios_presentes,GO,9125
relogios_presentes,MA,4844
relogios_presentes,MG,155707
relogios_presentes,MS,2849
relogios_presentes,MT,9566
relogios_presentes,PA,6241
relogios_presentes,PB,1930
relogios_presentes,PE,9776
relogios_presentes,PI,2316
relogios_presentes,PR,38713
relogios_presentes,RJ,190392
relogios_presentes,RN,1838
relogios_presentes,RO,1413
relogios_presentes,RR,80
relogios_presentes,RS,38244
relogios_presentes,SC,30755
relogios_presentes,SE,1445
relogios_presentes,SP,294605
relogios_presentes,TO,2457
seguros_e_servicos,DF,8
seguros_e_servicos,RO,140
sinalizacao_e_seguranca,AC,1
sinalizacao_e_seguranca,BA,183
sinalizacao_e_seguranca,DF,208
sinalizacao_e_seguranca,ES,1162
sinalizacao_e_seguranca,GO,575
sinalizacao_e_seguranca,MG,4422
sinalizacao_e_seguranca,MS,65
sinalizacao_e_seguranca,MT,1128
sinalizacao_e_seguranca,PA,147
sinalizacao_e_seguranca,PB,420
sinalizacao_e_seguranca,PE,34
sinalizacao_e_seguranca,PR,422
sinalizacao_e_seguranca,RJ,6496
sinalizacao_e_seguranca,RN,25
sinalizacao_e_seguranca,RS,2198
sinalizacao_e_seguranca,SC,1411
sinalizacao_e_seguranca,SE,88
sinalizacao_e_seguranca,SP,13724
tablets_impressao_imagem,AM,88
tablets_impressao_imagem,BA,1035
tablets_impressao_imagem,CE,12
tablets_impressao_imagem,ES,958
tablets_impressao_imagem,GO,27
tablets_impressao_imagem,MA,54
tablets_impressao_imagem,MG,2503
tablets_impressao_imagem,MS,50
tablets_impressao_imagem,MT,124
tablets_impressao_imagem,PA,453
tablets_impressao_imagem,PE,52
tablets_impressao_imagem,PI,242
tablets_impressao_imagem,PR,265
tablets_impressao_imagem,RJ,2399
tablets_impressao_imagem,RS,153
tablets_impressao_imagem,SP,3188
telefonia,AC,548
telefonia,AL,2718
telefonia,AM,453
telefonia,AP,346
telefonia,BA,27325
telefonia,CE,3843
telefonia,DF,4457
telefonia,ES,15994
telefonia,GO,8006
telefonia,MA,3875
telefonia,MG,105620
telefonia,MS,1847
telefonia,MT,7550
telefonia,PA,6264
telefonia,PB,1103
telefonia,PE,8333
telefonia,PI,1313
telefonia,PR,29949
telefonia,RJ,98960
telefonia,RN,728
telefonia,RO,1858
telefonia,RR,157
telefonia,RS,41495
telefonia,SC,22223
telefonia,SE,1664
telefonia,SP,209837
telefonia,TO,1075
telefonia_fixa,AL,594
telefonia_fixa,AM,27
telefonia_fixa,AP,104
telefonia_fixa,BA,1366
telefonia_fixa,CE,332
telefonia_fixa,DF,143
telefonia_fixa,ES,2687
telefonia_fixa,GO,161
telefonia_fixa,MA,19
telefonia_fixa,MG,3365
telefonia_fixa,MS,3
telefonia_fixa,PA,122
telefonia_fixa,PB,380
telefonia_fixa,PE,71
telefonia_fixa,PI,118
telefonia_fixa,PR,517
telefonia_fixa,RJ,7530
telefonia_fixa,RS,2813
telefonia_fixa,SC,1977
telefonia_fixa,SE,148
telefonia_fixa,SP,13881
telefonia_fixa,TO,107
utilidades_domesticas,AC,302
utilidades_domesticas,AL,799
utilidades_domesticas,AM,191
utilidades_domesticas,AP,356
utilidades_domesticas,BA,18586
utilidades_domesticas,CE,3452
utilidades_domesticas,DF,6127
utilidades_domesticas,ES,18241
utilidades_domesticas,GO,7774
utilidades_domesticas,MA,1793
utilidades_domesticas,MG,231957
utilidades_domesticas,MS,2920
utilidades_domesticas,MT,7081
utilidades_domesticas,PA,3853
utilidades_domesticas,PB,1789
utilidades_domesticas,PE,5687
utilidades_domesticas,PI,774
utilidades_domesticas,PR,43873
utilidades_domesticas,RJ,232789
utilidades_domesticas,RN,869
utilidades_domesticas,RO,521
utilidades_domesticas,RS,64611
utilidades_domesticas,SC,44246
utilidades_domesticas,SE,669
utilidades_domesticas,SP,430077
utilidades_domesticas,TO,770
